행정동,도로명주소,지번주소,데이터기준일자
목1동,서울특별시 양천구 목동동로 240,서울특별시 양천구 목1동 932,2023-04-20
목1동,서울특별시 양천구 신목로 108-10,서울특별시 양천구 목1동 404-162,2023-04-20
목1동,서울특별시 양천구 오목로 56길 14,서울특별시 양천구 목1동 405-30,2023-04-20
목1동,서울특별시 양천구 오목로 56길 10,서울특별시 양천구 목1동 405-472,2023-04-20
목1동,서울특별시 양천구 목동동로 206-1,서울특별시 양천구 목1동 405-207,2023-04-20
목2동,서울특별시 양천구 목동중앙본로2길 5,서울특별시 양천구 목2동 750-6,2023-04-20
목2동,서울특별시 양천구 목동중앙로7길 74,서울특별시 양천구 목2동 229-11,2023-04-20
목2동,서울특별시 양천구 목동중앙본로 50-7,서울특별시 양천구 목2동 229-1,2023-04-20
목2동,서울특별시 양천구 목동중앙본로 56,서울특별시 양천구 목2동 234-1,2023-04-20
목2동,서울특별시 양천구 목동중앙본로13길 12,서울특별시 양천구 목2동 315-37,2023-04-20
목2동,서울특별시 양천구 목동중앙본로 15길9,서울특별시 양천구 목2동 315-38,2023-04-20
목2동,서울특별시 양천구 목동중앙본로 9길7,서울특별시 양천구 목2동 315-65,2023-04-20
목2동,서울특별시 양천구 목동중앙본로 11길12,서울특별시 양천구 목2동 315-53,2023-04-20
목2동,서울특별시 양천구 목동중앙본로 60-3,서울특별시 양천구 목2동 233-5,2023-04-20
목2동,서울특별시 양천구 목동중앙본로 18길 14,서울특별시 양천구 목2동 231-62,2023-04-20
목2동,서울특별시 양천구 목동중앙본로 18길31,서울특별시 양천구 목2동 231-39,2023-04-20
목2동,서울특별시 양천구 목동중앙본로 20길34,서울특별시 양천구 목2동 231-40,2023-04-20
목2동,서울특별시 양천구 목동중앙본로 20길15,서울특별시 양천구 목2동 231-24,2023-04-20
목2동,서울특별시 양천구 목동중앙본로 19길13,서울특별시 양천구 목2동 315-13,2023-04-20
목2동,서울특별시 양천구 목동중앙본로 18길10,서울특별시 양천구 목2동 231-59,2023-04-20
목2동,서울특별시 양천구 목동중앙본로 18길4,서울특별시 양천구 목2동 231-242,2023-04-20
목2동,서울특별시 양천구 목동중앙본로 2길 19,서울특별시 양천구 목2동 230-17,2023-04-20
목2동,서울특별시 양천구 목동중앙본로 2길32,서울특별시 양천구 목2동 231-132,2023-04-20
목2동,서울특별시 양천구 목동중앙본로 2길37,서울특별시 양천구 목2동 437-20,2023-04-20
목2동,서울특별시 양천구 목동중앙본로 2길38-23,서울특별시 양천구 목2동 231-180,2023-04-20
목2동,서울특별시 양천구 목동중앙본로 2길 38-39,서울특별시 양천구 목2동 231-195,2023-04-20
목2동,서울특별시 양천구 목동중앙본로 2길 38-45,서울특별시 양천구 목2동 231-193,2023-04-20
목2동,서울특별시 양천구 목동중앙본로 2길 28-41,서울특별시 양천구 목2동 231-222,2023-04-20
목2동,서울특별시 양천구 목동중앙본로 2길 28-27,서울특별시 양천구 목2동 231-251,2023-04-20
목2동,서울특별시 양천구 목동중앙본로 2길 28-15,서울특별시 양천구 목2동 231-128,2023-04-20
목2동,서울특별시 양천구 목동중앙본로 18길62,서울특별시 양천구 목2동 231-168,2023-04-20
목2동,서울특별시 양천구 목동중앙본로 18길79,서울특별시 양천구 목2동 231-216,2023-04-20
목2동,서울특별시 양천구 목동중앙본로 2길 46-42,서울특별시 양천구 목2동 231-196,2023-04-20
목2동,서울특별시 양천구 목동중앙본로2길 46-19 ,서울특별시 양천구 목2동 231-105,2023-04-20
목2동,서울특별시 양천구 목동중앙본로22길 32,서울특별시 양천구 목2동 231-30,2023-04-20
목2동,서울특별시 양천구 목동중앙본로24길 40,서울특별시 양천구 목2동 231-5,2023-04-20
목2동,서울특별시 양천구 목동중앙본로22길 51 ,서울특별시 양천구 목2동 231-72,2023-04-20
목2동,서울특별시 양천구 목동중앙본로 22길64,서울특별시 양천구 목2동 231-149,2023-04-20
목2동,서울특별시 양천구 목동중앙본로 20길61,서울특별시 양천구 목2동 231-150,2023-04-20
목2동,서울특별시 양천구 목동중앙본로 26길42,서울특별시 양천구 목2동 41-50,2023-04-20
목2동,서울특별시 양천구 목동중앙본로 26길36,서울특별시 양천구 목2동 42-7,2023-04-20
목2동,서울특별시 양천구 목동중앙본로 24길22,서울특별시 양천구 목2동 231-10,2023-04-20
목2동,서울특별시 양천구 목동중앙본로 80-13,서울특별시 양천구 목2동 42-95,2023-04-20
목2동,서울특별시 양천구 목동중앙본로 26길22,서울특별시 양천구 목2동 42-34,2023-04-20
목2동,서울특별시 양천구 목동중앙북로 16길 117,서울특별시 양천구 목2동 42-124,2023-04-20
목2동,서울특별시 양천구 목동중앙북로 16길 101,서울특별시 양천구 목2동 558-8,2023-04-20
목2동,서울특별시 양천구 목동중앙북로 16길 94,서울특별시 양천구 목2동 557-26,2023-04-20
목2동,서울특별시 양천구 목동중앙북로 16길 85,서울특별시 양천구 목2동 558-7,2023-04-20
목2동,서울특별시 양천구 목동중앙본로 28길57,서울특별시 양천구 목2동 544-17,2023-04-20
목2동,서울특별시 양천구 목동중앙본로 28길45,서울특별시 양천구 목2동 545-25,2023-04-20
목2동,서울특별시 양천구 목동중앙본로 28길35,서울특별시 양천구 목2동 545-22,2023-04-20
목2동,서울특별시 양천구 목동중앙본로 28길32,서울특별시 양천구 목2동 557,2023-04-20
목2동,서울특별시 양천구 목동중앙본로 28길25-5,서울특별시 양천구 목2동 546-20,2023-04-20
목2동,서울특별시 양천구 목동중앙본로 28길25-10,서울특별시 양천구 목2동 545-47,2023-04-20
목2동,서울특별시 양천구 목동중앙본로 30가길32,서울특별시 양천구 목2동 529-3,2023-04-20
목2동,서울특별시 양천구 목동중앙본로 30가길32,서울특별시 양천구 목2동 529-3,2023-04-20
목2동,서울특별시 양천구 목동중앙본로 30가길54,서울특별시 양천구 목2동 528-7,2023-04-20
목2동,서울특별시 양천구 목동중앙본로 30길50,서울특별시 양천구 목2동 534-10,2023-04-20
목2동,서울특별시 양천구 목동중앙본로 28길37-8,서울특별시 양천구 목2동 545-29,2023-04-20
목2동,서울특별시 양천구 목동중앙북로 14길 64,서울특별시 양천구 목2동 545-27,2023-04-20
목2동,서울특별시 양천구 목동중앙북로 14길 56,서울특별시 양천구 목2동 545-33,2023-04-20
목2동,서울특별시 양천구 목동중앙북로 14길 41,서울특별시 양천구 목2동 535-30,2023-04-20
목2동,서울특별시 양천구 목동중앙북로 16길 16,,2023-04-20
목2동,서울특별시 양천구 목동중앙북로 16길 45,서울특별시 양천구 목2동 536-8,2023-04-20
목2동,서울특별시 양천구 목동중앙북로 16길 48 ,서울특별시 양천구 목2동 543-4,2023-04-20
목2동,서울특별시 양천구 목동중앙북로16가길 43,서울특별시 양천구 목2동 539-11,2023-04-20
목2동,서울특별시 양천구 목동중앙북로 102-10,서울특별시 양천구 목2동 526-14,2023-04-20
목2동,서울특별시 양천구 목동중앙북로 18길 25,서울특별시 양천구 목2동 524-7,2023-04-20
목2동,서울특별시 양천구 목동중앙북로 18길 33,서울특별시 양천구 목2동 538-27,2023-04-20
목2동,서울특별시 양천구 목동중앙북로 24길 64,서울특별시 양천구 목2동 538-18,2023-04-20
목2동,서울특별시 양천구 목동중앙북로 20길 26,서울특별시 양천구 목2동 524-16,2023-04-20
목2동,서울특별시 양천구 목동중앙북로 20길 17,서울특별시 양천구 목2동 523-50,2023-04-20
목2동,서울특별시 양천구 목동중앙북로 120-12,서울특별시 양천구 목2동 523-7,2023-04-20
목2동,서울특별시 양천구 목동중앙북로 22길 15,서울특별시 양천구 목2동 522-1,2023-04-20
목2동,서울특별시 양천구 목동중앙북로24길 36,서울특별시 양천구 목2동 522-22,2023-04-20
목2동,서울특별시 양천구 목동중앙북로24길 11-21,서울특별시 양천구 목2동 520-7,2023-04-20
목2동,서울특별시 양천구 목동중앙북로24길 11-15,서울특별시 양천구 목2동 520-4,2023-04-20
목2동,서울특별시 양천구 목동중앙북로24길 1-31,서울특별시 양천구 목2동 517-21,2023-04-20
목2동,서울특별시 양천구 목동중앙로13나길20,서울특별시 양천구 목2동 520-11,2023-04-20
목2동,서울특별시 양천구 목동중앙로13나길20-23,서울특별시 양천구 목2동 128-44,2023-04-20
목2동,서울특별시 양천구 목동중앙로13나길69,서울특별시 양천구 목2동 131-54,2023-04-20
목2동,서울특별시 양천구 목동중앙로13나길61,서울특별시 양천구 목2동 131-141,2023-04-20
목2동,서울특별시 양천구 목동중앙로13나길54,서울특별시 양천구 목2동 131-71,2023-04-20
목2동,서울특별시 양천구 목동중앙로13나길42-5,서울특별시 양천구 목2동 128-42,2023-04-20
목2동,서울특별시 양천구 목동중앙로13나길34,서울특별시 양천구 목2동 128-57,2023-04-20
목2동,서울특별시 양천구 목동중앙로13다길26-9,서울특별시 양천구 목2동 131-44,2023-04-20
목2동,서울특별시 양천구 목동중앙로13다길26-7,서울특별시 양천구 목2동 131-117,2023-04-20
목2동,서울특별시 양천구 목동중앙로13길 19-43,서울특별시 양천구 목2동 131-114,2023-04-20
목2동,서울특별시 양천구 목동중앙로13나길37,서울특별시 양천구 목2동 128-40,2023-04-20
목2동,서울특별시 양천구 목동중앙로13나길45,서울특별시 양천구 목2동 131-105,2023-04-20
목2동,서울특별시 양천구 목동중앙북로24길1-16,서울특별시 양천구 목2동 520-40,2023-04-20
목2동,서울특별시 양천구 목동중앙북로131,서울특별시 양천구 목2동 516-6,2023-04-20
목2동,서울특별시 양천구 목동중앙북로 112,서울특별시 양천구 목2동 524-1,2023-04-20
목2동,서울특별시 양천구 목동중앙본로93,서울특별시 양천구 목2동 547-14,2023-04-20
목2동,서울특별시 양천구 목동중앙본로27길14,서울특별시 양천구 목2동 547-6,2023-04-20
목2동,서울특별시 양천구 목동중앙본로27길37,서울특별시 양천구 목2동 553-21,2023-04-20
목2동,서울특별시 양천구 목동중앙북로8길 132,서울특별시 양천구 목2동 553-15,2023-04-20
목2동,서울특별시 양천구 목동중앙북로8길 130,서울특별시 양천구 목2동 553-14,2023-04-20
목2동,서울특별시 양천구 목동중앙북로8길122,서울특별시 양천구 목2동 553,2023-04-20
목2동,서울특별시 양천구 목동중앙북로8길120-13,서울특별시 양천구 목2동 553-6,2023-04-20
목2동,서울특별시 양천구 목동중앙북로8길129-42,서울특별시 양천구 목2동 500-7,2023-04-20
목2동,서울특별시 양천구 목동중앙북로8길129-26,서울특별시 양천구 목2동 500-5,2023-04-20
목2동,서울특별시 양천구 목동중앙북로10길40,서울특별시 양천구 목2동 500-4,2023-04-20
목2동,서울특별시 양천구 목동중앙본로31길33,서울특별시 양천구 목2동 499-35,2023-04-20
목2동,서울특별시 양천구 목동중앙북로10길51,서울특별시 양천구 목2동 499-28,2023-04-20
목2동,서울특별시 양천구 목동중앙본로 29길 31,서울특별시 양천구 목2동 548-1,2023-04-20
목2동,서울특별시 양천구 목동중앙본로 29길20-14,서울특별시 양천구 목2동 498-26,2023-04-20
목2동,서울특별시 양천구 목동중앙본로15길 20,서울특별시 양천구 목2동 315-33,2023-04-20
목2동,서울특별시 양천구 목동중앙본로18가길 11,서울특별시 양천구 목2동 232-33,2023-04-20
목2동,서울특별시 양천구 목동중앙본로 30길17,서울특별시 양천구 목2동 532-25,2023-04-20
목2동,서울특별시 양천구 목동중앙본로28길 37-19,서울특별시 양천구 목2동 545-4,2023-04-20
목2동,서울특별시 양천구 목동중앙본로31길 25,서울특별시 양천구 목2동 499-17,2023-04-20
목3동,서울특별시 양천구 목동중앙본로7길 22,서울특별시 양천구 목3동 308-2,2023-04-20
목3동,서울특별시 양천구 목동중앙본로7가길 22,서울특별시 양천구 목3동 318-228,2023-04-20
목3동,서울특별시 양천구 목동중앙본로7가길26-11,서울특별시 양천구 목3동 318-217,2023-04-20
목3동,서울특별시 양천구 목동중앙본로7가길 29,서울특별시 양천구 목3동 318-224,2023-04-20
목3동,서울특별시 양천구 목동중앙본로15길 35,서울특별시 양천구 목3동 318-209,2023-04-20
목3동,서울특별시 양천구 목동중앙본로7가길 51,서울특별시 양천구 목3동 318-169,2023-04-20
목3동,서울특별시 양천구 목동중앙본로7가길 58-10,서울특별시 양천구 목3동 318-150,2023-04-20
목3동,서울특별시 양천구 목동중앙본로7가길 68-18,서울특별시 양천구 목3동 318-130,2023-04-20
목3동,서울특별시 양천구 목동중앙본로7가길 67-8,서울특별시 양천구 목3동 318-100,2023-04-20
목3동,서울특별시 양천구 목동중앙본로7가길 67-16,서울특별시 양천구 목3동 318-104,2023-04-20
목3동,서울특별시 양천구 목동중앙남로14가길 17,서울특별시 양천구 목3동 716-2,2023-04-20
목3동,서울특별시 양천구 목동중앙남로3가길 99,서울특별시 양천구 목3동 721-13,2023-04-20
목3동,서울특별시 양천구 목동중앙남로13길 11,서울특별시 양천구 목3동 720-15,2023-04-20
목3동,서울특별시 양천구 목동중앙남로 100,서울특별시 양천구 목3동 711-1,2023-04-20
목3동,서울특별시 양천구 목동중앙남로16길 23,서울특별시 양천구 목3동 318-24,2023-04-20
목3동,서울특별시 양천구 목동중앙남로14가길 40,서울특별시 양천구 목3동 318-64,2023-04-20
목3동,서울특별시 양천구 목동중앙본로7가길 81-12,서울특별시 양천구 목3동 318-55,2023-04-20
목3동,서울특별시 양천구 목동중앙본로7가길 84,서울특별시 양천구 목3동 318-47,2023-04-20
목3동,서울특별시 양천구 목동중앙북로8가길 23,서울특별시 양천구 목3동 627-2,2023-04-20
목3동,서울특별시 양천구 목동중앙남로16다길 12,서울특별시 양천구 목3동 318-13,2023-04-20
목3동,서울특별시 양천구 목동중앙남로16나길 26,서울특별시 양천구 목3동 324-121,2023-04-20
목3동,서울특별시 양천구 목동중앙남로16가길 16-17,서울특별시 양천구 목3동 324-188,2023-04-20
목3동,서울특별시 양천구 목동중앙남로16가길 28-7,서울특별시 양천구 목3동 324-69,2023-04-20
목3동,,서울특별시 양천구 목3동 324-49,2023-04-20
목3동,서울특별시 양천구 목동중앙남로16라길 30,서울특별시 양천구 목3동 643-3,2023-04-20
목3동,서울특별시 양천구 목동중앙남로16라길 39,서울특별시 양천구 목3동 656-2,2023-04-20
목3동,서울특별시 양천구 목동중앙남로16마길 20,서울특별시 양천구 목3동 642-8,2023-04-20
목3동,서울특별시 양천구 목동중앙남로16나길 38-7,서울특별시 양천구 목3동 324-9,2023-04-20
목3동,서울특별시 양천구 목동중앙남로16다길 6-16,서울특별시 양천구 목3동 318-40,2023-04-20
목3동,서울특별시 양천구 목동중앙북로8길 84-27,서울특별시 양천구 목3동 639-8,2023-04-20
목3동,서울특별시 양천구 목동중앙북로8길 84-15,서울특별시 양천구 목3동 639-4,2023-04-20
목3동,서울특별시 양천구 목동중앙북로8길 84,서울특별시 양천구 목3동 640-2,2023-04-20
목3동,서울특별시 양천구 목동중앙북로8길 58,서울특별시 양천구 목3동 646-10,2023-04-20
목3동,서울특별시 양천구 목동중앙남로16나길 64,서울특별시 양천구 목3동 646-27,2023-04-20
목3동,서울특별시 양천구 목동중앙북로8길 46,서울특별시 양천구 목3동 625-33,2023-04-20
목3동,서울특별시 양천구 목동중앙북로2길 40,서울특별시 양천구 목3동 621-8,2023-04-20
목3동,,서울특별시 양천구 목3동 614-4,2023-04-20
목3동,서울특별시 양천구 목동중앙북로5길 14,서울특별시 양천구 목3동 610-33,2023-04-20
목3동,서울특별시 양천구 목동중앙북로7길 13,서울특별시 양천구 목3동 609-18,2023-04-20
목3동,서울특별시 양천구 목동중앙북로7가길 46-1,서울특별시 양천구 목3동 607-31,2023-04-20
목3동,서울특별시 양천구 목동중앙북로1길 20,서울특별시 양천구 목3동 612-4,2023-04-20
목3동,서울특별시 양천구 목동중앙북로4길 36,서울특별시 양천구 목3동 622-6,2023-04-20
목3동,서울특별시 양천구 목동중앙남로14길 9-7,서울특별시 양천구 목3동 715-10,2023-04-20
목3동,서울특별시 양천구 목동중앙남로 81-1,서울특별시 양천구 목3동 714-4,2023-04-20
목4동,서울특별시 양천구 목동중앙서로 39-14,서울특별시 양천구 목4동 774-4,2023-04-20
목4동,서울특별시 양천구 목동중앙서로11길 11,서울특별시 양천구 목4동 774-12,2023-04-20
목4동,서울특별시 양천구 목동중앙서로11길 49-18,서울특별시 양천구 목4동 779-10,2023-04-20
목4동,서울특별시 양천구 목동중앙서로11길 49-16,서울특별시 양천구 목4동 779-18,2023-04-20
목4동,서울특별시 양천구 목동중앙서로11길 51,서울특별시 양천구 목4동 779-23,2023-04-20
목4동,서울특별시 양천구 목동중앙남로 11-10,서울특별시 양천구 목4동 770-32,2023-04-20
목4동,서울특별시 양천구 목동중앙남로 11-19,서울특별시 양천구 목4동 772-15,2023-04-20
목4동,서울특별시 양천구 목동중앙로 57,서울특별시 양천구 목4동 772-9,2023-04-20
목4동,서울특별시 양천구 목동중앙서로11길 30-21,서울특별시 양천구 목4동 771-28,2023-04-20
목4동,서울특별시 양천구 목동중앙서로11길 40,서울특별시 양천구 목4동 771-14,2023-04-20
목4동,서울특별시 양천구 목동중앙서로9길 34,서울특별시 양천구 목4동 775-1,2023-04-20
목4동,서울특별시 양천구 목동중앙서로11길 60-3,서울특별시 양천구 목4동 780-25,2023-04-20
목4동,서울특별시 양천구 목동중앙서로11길 73,서울특별시 양천구 목4동 779-38,2023-04-20
목4동,서울특별시 양천구 목동중앙남로 21-18,서울특별시 양천구 목4동 768-12,2023-04-20
목4동,서울특별시 양천구 목동중앙남로 21-7,서울특별시 양천구 목4동 769-13,2023-04-20
목4동,서울특별시 양천구 목동중앙남로 15-1,서울특별시 양천구 목4동 770-1,2023-04-20
목4동,,서울특별시 양천구 목4동 772-1,2023-04-20
목4동,서울특별시 양천구 목동중앙남로 12-16,서울특별시 양천구 목4동 764-11,2023-04-20
목4동,서울특별시 양천구 목동중앙로3길 17,서울특별시 양천구 목4동 764-1,2023-04-20
목4동,서울특별시 양천구 목동중앙남로 10,서울특별시 양천구 목4동 764-4,2023-04-20
목4동,서울특별시 양천구 목동중앙남로2길 16,서울특별시 양천구 목4동 765-11,2023-04-20
목4동,서울특별시 양천구 목동중앙로3길 42,서울특별시 양천구 목4동 761-13,2023-04-20
목4동,서울특별시 양천구 목동중앙로3길 95,서울특별시 양천구 목4동 740-15,2023-04-20
목4동,서울특별시 양천구 목동중앙본로7길 21,서울특별시 양천구 목4동 741-13,2023-04-20
목4동,서울특별시 양천구 목동중앙남로4길 20,서울특별시 양천구 목4동 767-1,2023-04-20
목4동,서울특별시 양천구 목동중앙본로5길 26,서울특별시 양천구 목4동 743-19,2023-04-20
목4동,서울특별시 양천구 목동중앙본로3길 25,서울특별시 양천구 목4동 746-6,2023-04-20
목4동,서울특별시 양천구 목동중앙본로5길 51,서울특별시 양천구 목4동 745-12,2023-04-20
목4동,서울특별시 양천구 목동중앙로5길 49,서울특별시 양천구 목4동 760-1,2023-04-20
목4동,서울특별시 양천구 목동중앙로5길 43,서울특별시 양천구 목4동 760-12,2023-04-20
목4동,서울특별시 양천구 목동중앙로5가길 31,서울특별시 양천구 목4동 755-2,2023-04-20
목4동,서울특별시 양천구 목동중앙로5길 30,서울특별시 양천구 목4동 756-16,2023-04-20
목4동,서울특별시 양천구 목동중앙로5길 14,서울특별시 양천구 목4동 756-4,2023-04-20
목4동,서울특별시 양천구 목동중앙로5가길 8,서울특별시 양천구 목4동 753-11,2023-04-20
목4동,서울특별시 양천구 목동중앙본로3길 10,서울특별시 양천구 목4동 748-7,2023-04-20
목4동,서울특별시 양천구 목동중앙본로1길 8,서울특별시 양천구 목4동 747-12,2023-04-20
목4동,서울특별시 양천구 목동중앙본로3길 13,서울특별시 양천구 목4동 746-1,2023-04-20
목4동,서울특별시 양천구 목동중앙서로 8가길 7,서울특별시 양천구 목4동 804-30,2023-04-20
목4동,서울특별시 양천구 목동중앙서로 8가길 14,서울특별시 양천구 목4동 804-7,2023-04-20
목4동,서울특별시 양천구 목동중앙서로 6길 25,서울특별시 양천구 목4동 804-2,2023-04-20
목4동,서울특별시 양천구 목동중앙서로 8길 48,서울특별시 양천구 목4동 804-15,2023-04-20
목4동,서울특별시 양천구 목동중앙로 1길 15-16,서울특별시 양천구 목4동 803-6,2023-04-20
목4동,서울특별시 양천구 목동중앙서로 7길 11,서울특별시 양천구 목4동 790-16,2023-04-20
목4동,서울특별시 양천구 목동중앙서로 3길 24,서울특별시 양천구 목4동 789-32,2023-04-20
목4동,서울특별시 양천구 목동중앙서로 7나길 11-12,서울특별시 양천구 목4동 787-8,2023-04-20
목4동,서울특별시 양천구 목동중앙서로 7나길 12-43,서울특별시 양천구 목4동 784-8,2023-04-20
목4동,서울특별시 양천구 목동중앙서로 7다길 1,서울특별시 양천구 목4동 785-19,2023-04-20
목4동,서울특별시 양천구 목동중앙서로 7길 49,서울특별시 양천구 목4동 781-15,2023-04-20
목4동,서울특별시 양천구 목동중앙남로 5길 10-1,서울특별시 양천구 목4동 727-26,2023-04-20
목4동,서울특별시 양천구 목동중앙남로 3가길 7,서울특별시 양천구 목4동 731-15,2023-04-20
목4동,서울특별시 양천구 목동중앙남로 3가길 20-4,서울특별시 양천구 목4동 733-2,2023-04-20
목4동,서울특별시 양천구 목동중앙남로 51-27,서울특별시 양천구 목4동 725-10,2023-04-20
목4동,서울특별시 양천구 목동중앙남로 7길 35,서울특별시 양천구 목4동 728-3,2023-04-20
목4동,서울특별시 양천구 목동중앙남로 3가길 32,서울특별시 양천구 목4동 728-24,2023-04-20
목4동,서울특별시 양천구 목동중앙남로 5길 37,서울특별시 양천구 목4동 732-9,2023-04-20
신월1동,서울특별시 양천구  곰달래로 5길 76,서울특별시 양천구 신월1동 97-23,2023-04-20
신월1동,서울특별시 양천구  곰달래로 5길 67,서울특별시 양천구 신월1동 144-9,2023-04-20
신월1동,서울특별시 양천구  곰달래로 5길 63,서울특별시 양천구 신월1동 143-25,2023-04-20
신월1동,서울특별시 양천구  남부순환로 57길 10,서울특별시 양천구 신월1동 137-1,2023-04-20
신월1동,서울특별시 양천구  가로공원로 70길 14,서울특별시 양천구 신월1동 94-4,2023-04-20
신월1동,서울특별시 양천구  가로공원로 66길 37,서울특별시 양천구 신월1동 92-7,2023-04-20
신월1동,서울특별시 양천구  곰달래로 9길 51,서울특별시 양천구 신월1동 101-7,2023-04-20
신월1동,서울특별시 양천구  곰달래로 9길 46,서울특별시 양천구 신월1동 107-45,2023-04-20
신월1동,서울특별시 양천구  월정로 33길 22,서울특별시 양천구 신월1동 98-26,2023-04-20
신월1동,서울특별시 양천구  곰달래로 7길 21,서울특별시 양천구 신월1동 ,2023-04-20
신월1동,서울특별시 양천구  남부순환로 63길 20,서울특별시 양천구 신월1동 221-14,2023-04-20
신월1동,서울특별시 양천구  곰달래로 2길 15,서울특별시 양천구 신월1동 221-28,2023-04-20
신월1동,서울특별시 양천구  곰달래로 2길 16,서울특별시 양천구 신월1동 222-1,2023-04-20
신월1동,서울특별시 양천구  곰달래로 2길 32,서울특별시 양천구 신월1동 217-8,2023-04-20
신월1동,서울특별시 양천구  곰달래로 2길 41,서울특별시 양천구 신월1동 218-12,2023-04-20
신월1동,서울특별시 양천구  곰달래로 2길 42,서울특별시 양천구 신월1동 217-46,2023-04-20
신월1동,서울특별시 양천구  곰달래로 6길 30-7,서울특별시 양천구 신월1동 218-9,2023-04-20
신월1동,서울특별시 양천구  남부순환로 65길 12,서울특별시 양천구 신월1동 218-1,2023-04-20
신월1동,서울특별시 양천구  곰달래로 12-1,서울특별시 양천구 신월1동 225-2,2023-04-20
신월1동,서울특별시 양천구  곰달래로 6길 22,서울특별시 양천구 신월1동 220-36,2023-04-20
신월1동,서울특별시 양천구  곰달래로 6길 30-1,서울특별시 양천구 신월1동 218-21,2023-04-20
신월1동,서울특별시 양천구  곰달래로 6길 38,서울특별시 양천구 신월1동 218-46,2023-04-20
신월1동,서울특별시 양천구  월정로 13길 24,서울특별시 양천구 신월1동 243-14,2023-04-20
신월1동,서울특별시 양천구  월정로 13길 17,서울특별시 양천구 신월1동 244-7,2023-04-20
신월1동,서울특별시 양천구  월정로 15길 7,서울특별시 양천구 신월1동 241-18,2023-04-20
신월1동,서울특별시 양천구  곰달래로 10길 33-6,서울특별시 양천구 신월1동 239-1,2023-04-20
신월1동,서울특별시 양천구  곰달래로 10길 30,서울특별시 양천구 신월1동 242-35,2023-04-20
신월1동,서울특별시 양천구  월정로 17길 24-20,서울특별시 양천구 신월1동 232-33,2023-04-20
신월1동,서울특별시 양천구  곰달래로 6길 5-9,서울특별시 양천구 신월1동 226-12,2023-04-20
신월1동,서울특별시 양천구  곰달래로 6길 5-24,서울특별시 양천구 신월1동 230-8,2023-04-20
신월1동,서울특별시 양천구  곰달래로 10길 ,서울특별시 양천구 신월1동 227-22,2023-04-20
신월1동,서울특별시 양천구  월정로 17길 12,서울특별시 양천구 신월1동 234-17,2023-04-20
신월1동,서울특별시 양천구  곰달래로 14길 16,서울특별시 양천구 신월1동 234-28,2023-04-20
신월1동,서울특별시 양천구  곰달래로 5길 17-1,서울특별시 양천구 신월1동 ,2023-04-20
신월1동,서울특별시 양천구  마을마당 공영주차장 앞,서울특별시 양천구 신월1동 마을마당 공영주차장 앞,2023-04-20
신월1동,서울특별시 양천구  곰달래로 1길 19,서울특별시 양천구 신월1동 131-26,2023-04-20
신월1동,서울특별시 양천구  곰달래로 3길 35,서울특별시 양천구 신월1동 135-26,2023-04-20
신월1동,서울특별시 양천구  곰달래로 1길 54,서울특별시 양천구 신월1동 104-15,2023-04-20
신월1동,서울특별시 양천구  서부여성발전센터,서울특별시 양천구 신월1동 서부여성발전센터,2023-04-20
신월2동,서울특별시 양천구  오목로 76-2,서울특별시 양천구 신월2동 1049,2023-04-20
신월2동,서울특별시 양천구  오목로 10길 8,서울특별시 양천구 신월2동 513-9,2023-04-20
신월2동,서울특별시 양천구  오목로 10길 7-3,서울특별시 양천구 신월2동 510-4,2023-04-20
신월2동,서울특별시 양천구  오목로 72-2,서울특별시 양천구 신월2동 509-5,2023-04-20
신월2동,서울특별시 양천구  오목로 88,서울특별시 양천구 신월2동 507-3,2023-04-20
신월2동,서울특별시 양천구  오목로 90,서울특별시 양천구 신월2동 506-1,2023-04-20
신월2동,서울특별시 양천구  오목로 100,서울특별시 양천구 신월2동 505-1,2023-04-20
신월2동,서울특별시 양천구  오목로 102-1,서울특별시 양천구 신월2동 505-3,2023-04-20
신월2동,서울특별시 양천구  중앙로 57길 2,서울특별시 양천구 신월2동 455-10,2023-04-20
신월2동,서울특별시 양천구  중앙로 55길 16,서울특별시 양천구 신월2동 457-15,2023-04-20
신월2동,서울특별시 양천구  중앙로 55길 22,서울특별시 양천구 신월2동 457-7,2023-04-20
신월2동,서울특별시 양천구  중앙로 55길 24,서울특별시 양천구 신월2동 457-9,2023-04-20
신월2동,서울특별시 양천구  중앙로 55길 30,서울특별시 양천구 신월2동 458-8,2023-04-20
신월2동,서울특별시 양천구  중앙로 55길 32,서울특별시 양천구 신월2동 458-3,2023-04-20
신월2동,서울특별시 양천구  오목로 13길 33,서울특별시 양천구 신월2동 465-5,2023-04-20
신월2동,서울특별시 양천구  오목로 13길 39,서울특별시 양천구 신월2동 460-5,2023-04-20
신월2동,서울특별시 양천구  중앙로 57길 49,서울특별시 양천구 신월2동 460-2,2023-04-20
신월2동,서울특별시 양천구  중앙로 55길 54-1,서울특별시 양천구 신월2동 460-33,2023-04-20
신월2동,서울특별시 양천구  월정로 8길 12,서울특별시 양천구 신월2동 463-8,2023-04-20
신월2동,서울특별시 양천구  오목로 9길 19,서울특별시 양천구 신월2동 446-5,2023-04-20
신월2동,서울특별시 양천구  오목로 11길 17-15,서울특별시 양천구 신월2동 487-2,2023-04-20
신월2동,서울특별시 양천구  오목로 11길 20,서울특별시 양천구 신월2동 482-16,2023-04-20
신월2동,서울특별시 양천구  중앙로 51길 59,서울특별시 양천구 신월2동 488-4,2023-04-20
신월2동,서울특별시 양천구  오목로 9길 12,서울특별시 양천구 신월2동 488-13,2023-04-20
신월2동,서울특별시 양천구  오목로 11길 9-12,서울특별시 양천구 신월2동 488-3,2023-04-20
신월2동,서울특별시 양천구  대림이편한세상A 후문,서울특별시 양천구 신월2동 대림이편한세상A 후문,2023-04-20
신월2동,서울특별시 양천구  중앙로 51길 51,서울특별시 양천구 신월2동 488-18,2023-04-20
신월2동,서울특별시 양천구  오목로 13길 16-1,서울특별시 양천구 신월2동 481-9,2023-04-20
신월2동,서울특별시 양천구  오목로 13길 16,서울특별시 양천구 신월2동 481-10,2023-04-20
신월2동,서울특별시 양천구  오목로 15길 20,서울특별시 양천구 신월2동 480-6,2023-04-20
신월2동,서울특별시 양천구  오목로 15길 22,서울특별시 양천구 신월2동 480-18,2023-04-20
신월2동,서울특별시 양천구  중앙로 53길 34,서울특별시 양천구 신월2동 468-4,2023-04-20
신월2동,서울특별시 양천구  중앙로 53길 25,서울특별시 양천구 신월2동 478-1,2023-04-20
신월2동,서울특별시 양천구  오목로 15길 32-7,서울특별시 양천구 신월2동 467-5,2023-04-20
신월2동,서울특별시 양천구  중앙로 53길 22-10 ,서울특별시 양천구 신월2동 469-2,2023-04-20
신월2동,서울특별시 양천구  중앙로 51길 26-10,서울특별시 양천구 신월2동 477-3,2023-04-20
신월2동,서울특별시 양천구  중앙로 51길 26-2,서울특별시 양천구 신월2동 477-12,2023-04-20
신월2동,서울특별시 양천구  중앙로 51길 6,서울특별시 양천구 신월2동 474-9,2023-04-20
신월2동,서울특별시 양천구  중앙로 53길 5,서울특별시 양천구 신월2동 475,2023-04-20
신월2동,서울특별시 양천구  중앙로 53길 12-7,서울특별시 양천구 신월2동 470-21,2023-04-20
신월2동,서울특별시 양천구  중앙로 55길 9,서울특별시 양천구 신월2동 470-14,2023-04-20
신월2동,서울특별시 양천구  오목로 19길 1,서울특별시 양천구 신월2동 494-8,2023-04-20
신월2동,서울특별시 양천구  오목로 81,서울특별시 양천구 신월2동 493-17,2023-04-20
신월2동,서울특별시 양천구 신월로 220,서울특별시 양천구 신월2동 607-1,2023-04-20
신월3동,서울특별시 양천구  남부순환로64길 37-9,서울특별시 양천구 신월3동 207-70,2023-04-20
신월3동,서울특별시 양천구  남부순환로64길 37-3,서울특별시 양천구 신월3동 207-88,2023-04-20
신월3동,서울특별시 양천구  남부순환로64길 29,서울특별시 양천구 신월3동 207-54,2023-04-20
신월3동,서울특별시 양천구  남부순환로64길 27,서울특별시 양천구 신월3동 207-28,2023-04-20
신월3동,서울특별시 양천구  남부순환로64길 23-1,서울특별시 양천구 신월3동 207-27,2023-04-20
신월3동,서울특별시 양천구  남부순환로 442,서울특별시 양천구 신월3동 206-1,2023-04-20
신월3동,서울특별시 양천구  남부순환로58길 41,서울특별시 양천구 신월3동 205-39,2023-04-20
신월3동,서울특별시 양천구  남부순환로58길 31-19,서울특별시 양천구 신월3동 205-31,2023-04-20
신월3동,서울특별시 양천구  남부순환로58길 27,서울특별시 양천구 신월3동 205-15,2023-04-20
신월3동,서울특별시 양천구  남부순환로62길 14,서울특별시 양천구 신월3동 200-21,2023-04-20
신월3동,서울특별시 양천구  남부순환로62길 32,서울특별시 양천구 신월3동 201-15,2023-04-20
신월3동,서울특별시 양천구  남부순환로62길 21,서울특별시 양천구 신월3동 202-3,2023-04-20
신월3동,서울특별시 양천구  남부순환로58길 24-16,서울특별시 양천구 신월3동 203-14,2023-04-20
신월3동,서울특별시 양천구 남부순환로60길 6-1,서울특별시 양천구 신월3동 198-15,2023-04-20
신월3동,서울특별시 양천구  남부순환로58길 24-12,서울특별시 양천구 신월3동 203-16,2023-04-20
신월3동,서울특별시 양천구  남부순환로58길 24-8,서울특별시 양천구 신월3동 203-17,2023-04-20
신월3동,서울특별시 양천구  남부순환로56가길 13,서울특별시 양천구 신월3동 198-22,2023-04-20
신월3동,서울특별시 양천구  남부순환로54길 2,서울특별시 양천구 신월3동 166-14,2023-04-20
신월3동,서울특별시 양천구  남부순환로56가길 1,서울특별시 양천구 신월3동 198-38,2023-04-20
신월3동,서울특별시 양천구  남부순환로56길 15,서울특별시 양천구 신월3동 1058,2023-04-20
신월3동,서울특별시 양천구  남부순환로54길 28-1,서울특별시 양천구 신월3동 171-31,2023-04-20
신월3동,서울특별시 양천구  남부순환로54길 32,서울특별시 양천구 신월3동 1083,2023-04-20
신월3동,서울특별시 양천구  가로공원로58길 35-1,서울특별시 양천구 신월3동 187-1,2023-04-20
신월3동,서울특별시 양천구  가로공원로58길 13,서울특별시 양천구 신월3동 153-33,2023-04-20
신월3동,서울특별시 양천구  가로공원로60가길 15,서울특별시 양천구 신월3동 157-20,2023-04-20
신월3동,서울특별시 양천구  가로공원로56길 27-1,서울특별시 양천구 신월3동 ,2023-04-20
신월3동,서울특별시 양천구  가로공원로 66,서울특별시 양천구 신월3동 151-1,2023-04-20
신월3동,서울특별시 양천구  남부순환로36길 25-1,서울특별시 양천구 신월3동 48-21,2023-04-20
신월3동,서울특별시 양천구  남부순환로36길 27-1,서울특별시 양천구 신월3동 48-1,2023-04-20
신월3동,서울특별시 양천구  가로공원로55길 20-1,서울특별시 양천구 신월3동 46-7,2023-04-20
신월3동,서울특별시 양천구  가로공원로55길 26,서울특별시 양천구 신월3동 46-4,2023-04-20
신월4동,서울특별시 양천구  월정로 63,서울특별시 양천구 신월4동 427-17,2023-04-20
신월4동,서울특별시 양천구  오목로7길 30,서울특별시 양천구 신월4동 ,2023-04-20
신월4동,서울특별시 양천구  월정로9길 11-2,서울특별시 양천구 신월4동 425-7,2023-04-20
신월4동,서울특별시 양천구  월정로7길 10,서울특별시 양천구 신월4동 425-5,2023-04-20
신월4동,서울특별시 양천구  오목로5길 14,서울특별시 양천구 신월4동 422-1,2023-04-20
신월4동,서울특별시 양천구  오목로3길 12,서울특별시 양천구 신월4동 433-8,2023-04-20
신월4동,서울특별시 양천구  오목로 31,서울특별시 양천구 신월4동 441,2023-04-20
신월4동,서울특별시 양천구  오목로3길 16,서울특별시 양천구 신월4동 433-6,2023-04-20
신월4동,서울특별시 양천구  오목로3길 32,서울특별시 양천구 신월4동 422-7,2023-04-20
신월4동,서울특별시 양천구  월정로11길 24,서울특별시 양천구 신월4동 411-11,2023-04-20
신월4동,서울특별시 양천구  월정로11길 20,서울특별시 양천구 신월4동 411-10,2023-04-20
신월4동,서울특별시 양천구  월정로11길 16,서울특별시 양천구 신월4동 411-7,2023-04-20
신월4동,서울특별시 양천구  오목로5길 42,서울특별시 양천구 신월4동 413-1,2023-04-20
신월4동,서울특별시 양천구  오목로5길 38,서울특별시 양천구 신월4동 413-13,2023-04-20
신월4동,서울특별시 양천구  월정로11길 5,서울특별시 양천구 신월4동 413-19,2023-04-20
신월4동,서울특별시 양천구  국회대로 50,서울특별시 양천구 신월4동 412-7,2023-04-20
신월4동,서울특별시 양천구  오목로5길 8,서울특별시 양천구 신월4동 442-25,2023-04-20
신월4동,서울특별시 양천구  남부순환로67길 16,서울특별시 양천구 신월4동 421-1,2023-04-20
신월4동,서울특별시 양천구  오목로1길 35,서울특별시 양천구 신월4동 1068,2023-04-20
신월4동,서울특별시 양천구  남부순환로67길 2,서울특별시 양천구 신월4동 418-2,2023-04-20
신월4동,서울특별시 양천구  남부순환로 497,서울특별시 양천구 신월4동 410-26,2023-04-20
신월4동,서울특별시 양천구  남부순환로 495,서울특별시 양천구 신월4동 410-15,2023-04-20
신월4동,서울특별시 양천구  오목로3길 47,서울특별시 양천구 신월4동 410-3,2023-04-20
신월4동,서울특별시 양천구  오목로3길 31,서울특별시 양천구 신월4동 421-4,2023-04-20
신월4동,서울특별시 양천구  오목로3길 23,서울특별시 양천구 신월4동 421-12,2023-04-20
신월4동,서울특별시 양천구  오목로3길 5-13,서울특별시 양천구 신월4동 439-13,2023-04-20
신월4동,서울특별시 양천구  오목로3길 5-7,서울특별시 양천구 신월4동 439-15,2023-04-20
신월4동,서울특별시 양천구  오목로3길 5-2,서울특별시 양천구 신월4동 440-15,2023-04-20
신월4동,서울특별시 양천구  오목로3길 3,서울특별시 양천구 신월4동 439-25,2023-04-20
신월4동,서울특별시 양천구  남부순환로71길 6,서울특별시 양천구 신월4동 438-4,2023-04-20
신월4동,서울특별시 양천구  오목로1길 20,서울특별시 양천구 신월4동 436-1,2023-04-20
신월4동,서울특별시 양천구  오목로3길 16-1,서울특별시 양천구 신월4동 433-9,2023-04-20
신월4동,서울특별시 양천구  오목로3길 7,서울특별시 양천구 신월4동 440-7,2023-04-20
신월4동,서울특별시 양천구  월정로 11,서울특별시 양천구 신월4동 534-3,2023-04-20
신월4동,서울특별시 양천구  오목로4길 25,서울특별시 양천구 신월4동 516-6,2023-04-20
신월4동,서울특별시 양천구  오목로4길 11,서울특별시 양천구 신월4동 519-11,2023-04-20
신월4동,서울특별시 양천구  오목로4길 5,서울특별시 양천구 신월4동 519-12,2023-04-20
신월4동,서울특별시 양천구  오목로 26,서울특별시 양천구 신월4동 519-20,2023-04-20
신월4동,서울특별시 양천구  오목로 34-1,서울특별시 양천구 신월4동 518-7,2023-04-20
신월4동,서울특별시 양천구  오목로 46-2,서울특별시 양천구 신월4동 517-5,2023-04-20
신월4동,서울특별시 양천구  월정로 21,서울특별시 양천구 신월4동 514-3,2023-04-20
신월4동,서울특별시 양천구  신월로19길 7,서울특별시 양천구 신월4동 532-14,2023-04-20
신월4동,서울특별시 양천구  신월로17길 1,서울특별시 양천구 신월4동 537-9,2023-04-20
신월4동,서울특별시 양천구  ,서울특별시 양천구 신월4동 531,2023-04-20
신월4동,서울특별시 양천구  신월로17길 12,서울특별시 양천구 신월4동 532-11,2023-04-20
신월4동,서울특별시 양천구  신월로17길 20,서울특별시 양천구 신월4동 533-16,2023-04-20
신월4동,서울특별시 양천구  신월로15길 22,서울특별시 양천구 신월4동 530-8,2023-04-20
신월4동,서울특별시 양천구  신월로19길 9,서울특별시 양천구 신월4동 532-5,2023-04-20
신월4동,서울특별시 양천구  남부순환로75길 26,서울특별시 양천구 신월4동 537-13,2023-04-20
신월4동,서울특별시 양천구  신월로15길 13,서울특별시 양천구 신월4동 538-2,2023-04-20
신월4동,서울특별시 양천구  신월로13길 15,서울특별시 양천구 신월4동 539-10,2023-04-20
신월4동,서울특별시 양천구  신월로13길 12,서울특별시 양천구 신월4동 538-5,2023-04-20
신월4동,서울특별시 양천구  신월로15길 20,서울특별시 양천구 신월4동 530-15,2023-04-20
신월4동,서울특별시 양천구  신월로15길 26,서울특별시 양천구 신월4동 530-2,2023-04-20
신월4동,서울특별시 양천구  남부순환로73길 15-9,서울특별시 양천구 신월4동 522-2,2023-04-20
신월4동,서울특별시 양천구  남부순환로73길 15-1,서울특별시 양천구 신월4동 522-5,2023-04-20
신월4동,서울특별시 양천구  신월로9길 24,서울특별시 양천구 신월4동 526-11,2023-04-20
신월4동,서울특별시 양천구  신월로9길 20,서울특별시 양천구 신월4동 541-1,2023-04-20
신월4동,서울특별시 양천구  신월로9길 15,서울특별시 양천구 신월4동 525-8,2023-04-20
신월4동,서울특별시 양천구  신월로9길 12,서울특별시 양천구 신월4동 546-26,2023-04-20
신월4동,서울특별시 양천구  신월로11길 11,서울특별시 양천구 신월4동 546-19,2023-04-20
신월4동,서울특별시 양천구  남부순환로75길 3,서울특별시 양천구 신월4동 526-14,2023-04-20
신월4동,서울특별시 양천구  남부순환로75길 5,서울특별시 양천구 신월4동 527-4,2023-04-20
신월4동,서울특별시 양천구  신월로11길 27,서울특별시 양천구 신월4동 526-5,2023-04-20
신월4동,서울특별시 양천구  신월로11길 40-1,서울특별시 양천구 신월4동 520-18,2023-04-20
신월5동,서울특별시 양천구 남부순환로31길 9,서울특별시 양천구 신월5동  54-3,2023-04-20
신월5동,서울특별시 양천구 남부순환로31길 13-1,서울특별시 양천구 신월5동  54-14,2023-04-20
신월5동,서울특별시 양천구 남부순환로31길 30,서울특별시 양천구 신월5동  58-8,2023-04-20
신월5동,서울특별시 양천구 화곡로10길 8,서울특별시 양천구 신월5동  58-21,2023-04-20
신월5동,서울특별시 양천구 화곡로10길 12,서울특별시 양천구 신월5동  75-2,2023-04-20
신월5동,서울특별시 양천구 남부순환로33길 37,서울특별시 양천구 신월5동  61-9,2023-04-20
신월5동,서울특별시 양천구 화곡로8길 13,서울특별시 양천구 신월5동  58-46,2023-04-20
신월5동,서울특별시 양천구 남부순환로33길 12,,2023-04-20
신월5동,서울특별시 양천구 화곡로4길 27,서울특별시 양천구 신월5동  79-17,2023-04-20
신월5동,서울특별시 양천구 화곡로4길 29-10,서울특별시 양천구 신월5동  80-19,2023-04-20
신월5동,서울특별시 양천구 화곡로8길 23,서울특별시 양천구 신월5동  76-17,2023-04-20
신월5동,서울특별시 양천구 가로공원로67길 6,서울특별시 양천구 신월5동  75-20,2023-04-20
신월5동,서울특별시 양천구 가로공원로67길 16,서울특별시 양천구 신월5동  74-4,2023-04-20
신월5동,서울특별시 양천구 화곡로12길 15,서울특별시 양천구 신월5동  72-19,2023-04-20
신월5동,서울특별시 양천구 화곡로12길 23-6,서울특별시 양천구 신월5동  71-20,2023-04-20
신월5동,서울특별시 양천구 화곡로10길 26,서울특별시 양천구 신월5동  75-15,2023-04-20
신월5동,서울특별시 양천구 가로공원로69길 7,서울특별시 양천구 신월5동  71-8,2023-04-20
신월5동,서울특별시 양천구 가로공원로 149-1,서울특별시 양천구 신월5동  84-8,2023-04-20
신월5동,서울특별시 양천구 월정로36길 3,서울특별시 양천구 신월5동  68-10,2023-04-20
신월5동,서울특별시 양천구 월정로36길 10,서울특별시 양천구 신월5동  88-3,2023-04-20
신월5동,서울특별시 양천구 월정로38길 4-2,서울특별시 양천구 신월5동  68-2,2023-04-20
신월5동,서울특별시 양천구 월정로38길 11,서울특별시 양천구 신월5동  64-6,2023-04-20
신월5동,서울특별시 양천구 월정로 254,서울특별시 양천구 신월5동  20-17,2023-04-20
신월5동,서울특별시 양천구 월정로 260,서울특별시 양천구 신월5동  20-1,2023-04-20
신월5동,서울특별시 양천구 남부순환로29길 45,서울특별시 양천구 신월5동  17-5,2023-04-20
신월5동,서울특별시 양천구 월정로42길 4,서울특별시 양천구 신월5동  23-27,2023-04-20
신월5동,서울특별시 양천구 월정로42길 7,서울특별시 양천구 신월5동  22-15,2023-04-20
신월5동,서울특별시 양천구 월정로46길 10,서울특별시 양천구 신월5동  22-17,2023-04-20
신월5동,서울특별시 양천구 월정로46길 8,서울특별시 양천구 신월5동  22-14,2023-04-20
신월5동,서울특별시 양천구  월정로 48길 6,서울특별시 양천구 신월5동 20-2,2023-04-20
신월5동,서울특별시 양천구  월정로 50길 16-2,서울특별시 양천구 신월5동 18-11,2023-04-20
신월5동,서울특별시 양천구  화곡로 5길 27,서울특별시 양천구 신월5동 9-29,2023-04-20
신월5동,서울특별시 양천구  화곡로 5길 19,서울특별시 양천구 신월5동 13-2,2023-04-20
신월5동,서울특별시 양천구  화곡로 3길 20-3,서울특별시 양천구 신월5동 13-14,2023-04-20
신월5동,서울특별시 양천구  화곡로 3길 25-1,서울특별시 양천구 신월5동 11-11,2023-04-20
신월5동,서울특별시 양천구  월정로 291-6,서울특별시 양천구 신월5동 8-3,2023-04-20
신월5동,서울특별시 양천구  월정로 316,서울특별시 양천구 신월5동 4-6,2023-04-20
신월5동,서울특별시 양천구  화곡로 3가길 7-16,서울특별시 양천구 신월5동 9-22,2023-04-20
신월5동,서울특별시 양천구  화곡로 3,서울특별시 양천구 신월5동 ,2023-04-20
신월5동,서울특별시 양천구  남부순환로 27길 9-23,서울특별시 양천구 신월5동 11-14,2023-04-20
신월5동,서울특별시 양천구  남분순환로 27길 9-8,서울특별시 양천구 신월5동 12-9,2023-04-20
신월5동,서울특별시 양천구  남부순환로 27길 12-1,서울특별시 양천구 신월5동 29-16,2023-04-20
신월5동,서울특별시 양천구  남부순환로 29길 6,서울특별시 양천구 신월5동 28-2,2023-04-20
신월5동,서울특별시 양천구  남부순환로 29길 17-1,서울특별시 양천구 신월5동 16-14,2023-04-20
신월5동,서울특별시 양천구  화곡로 5길 11,서울특별시 양천구 신월5동 16-10,2023-04-20
신월5동,서울특별시 양천구  남부순환로 27길 3,서울특별시 양천구 신월5동 11-25,2023-04-20
신월6동,서울특별시 양천구  남부순환로79길 1,서울특별시 양천구 신월6동 548-4,2023-04-20
신월6동,서울특별시 양천구  남부순환로80길 13,서울특별시 양천구 신월6동 1006-2,2023-04-20
신월6동,서울특별시 양천구  남부순환로80길 17-1,서울특별시 양천구 신월6동 1006-7,2023-04-20
신월6동,서울특별시 양천구  남부순환로80길 21-1,서울특별시 양천구 신월6동 1005-6,2023-04-20
신월6동,서울특별시 양천구  남부순환로82길 24,서울특별시 양천구 신월6동 1005-8,2023-04-20
신월6동,서울특별시 양천구  남부순환로82길 21-1,서울특별시 양천구 신월6동 1011-3,2023-04-20
신월6동,서울특별시 양천구  남부순환로82길 16-2,서울특별시 양천구 신월6동 1006-16,2023-04-20
신월6동,서울특별시 양천구  남부순환로82길 14,서울특별시 양천구 신월6동 1006-12,2023-04-20
신월6동,서울특별시 양천구  남부순환로82길 12,서울특별시 양천구 신월6동 1006-23,2023-04-20
신월6동,서울특별시 양천구  남부순환로82길 9-1,서울특별시 양천구 신월6동 1013-1,2023-04-20
신월6동,서울특별시 양천구  남부순환로82길 5-2,서울특별시 양천구 신월6동 1013-4,2023-04-20
신월6동,서울특별시 양천구  남부순환로86길 6,서울특별시 양천구 신월6동 1015-10,2023-04-20
신월6동,서울특별시 양천구  남부순환로 614,서울특별시 양천구 신월6동 1015-7,2023-04-20
신월7동,서울특별시 양천구  남부순환로70길 6,서울특별시 양천구 신월7동 965-10,2023-04-20
신월7동,서울특별시 양천구  지양로16길 56,서울특별시 양천구 신월7동 965-14,2023-04-20
신월7동,서울특별시 양천구  지양로16길 52,서울특별시 양천구 신월7동 965-8,2023-04-20
신월7동,서울특별시 양천구  남부순환로 508,서울특별시 양천구 신월7동 966-21,2023-04-20
신월7동,서울특별시 양천구  남부순환로 502,서울특별시 양천구 신월7동 966-6,2023-04-20
신월7동,서울특별시 양천구  남부순환로66길 9,서울특별시 양천구 신월7동 967-4,2023-04-20
신월7동,서울특별시 양천구  남부순환로70길 16-7,서울특별시 양천구 신월7동 962-14,2023-04-20
신월7동,서울특별시 양천구  지양로16길 46-6,서울특별시 양천구 신월7동 967-14,2023-04-20
신월7동,서울특별시 양천구  남부순환로70길 8-9,서울특별시 양천구 신월7동 964-19,2023-04-20
신월7동,서울특별시 양천구  남부순환로70길 ,서울특별시 양천구 신월7동 ,2023-04-20
신월7동,서울특별시 양천구  남부순환로70길 11-4,서울특별시 양천구 신월7동 974-7,2023-04-20
신월7동,서울특별시 양천구  남부순환로70길 17-8,서울특별시 양천구 신월7동 973-10,2023-04-20
신월7동,서울특별시 양천구  남부순환로70길 17-6,서울특별시 양천구 신월7동 973-9,2023-04-20
신월7동,서울특별시 양천구  모솔길공원 앞,서울특별시 양천구 신월7동 ,2023-04-20
신월7동,서울특별시 양천구  남부순환로70길 19-5,서울특별시 양천구 신월7동 973-3,2023-04-20
신월7동,서울특별시 양천구  남부순환로70길 20-6,서울특별시 양천구 신월7동 962-12,2023-04-20
신월7동,서울특별시 양천구  지양로10길 17-15,서울특별시 양천구 신월7동 924-5,2023-04-20
신월7동,서울특별시 양천구  지양로14길 12,서울특별시 양천구 신월7동 924-3,2023-04-20
신월7동,서울특별시 양천구  지양로14길 5-6,서울특별시 양천구 신월7동 914-1,2023-04-20
신월7동,서울특별시 양천구  지양로14길 5-12,서울특별시 양천구 신월7동 914-4,2023-04-20
신월7동,서울특별시 양천구  지양로16길 8,서울특별시 양천구 신월7동 914-6,2023-04-20
신월7동,서울특별시 양천구  지양로 104,서울특별시 양천구 신월7동 913-5,2023-04-20
신월7동,서울특별시 양천구  지양로16길 10,서울특별시 양천구 신월7동 914-7,2023-04-20
신월7동,서울특별시 양천구  지양로16길 13-1,서울특별시 양천구 신월7동 916-5,2023-04-20
신월7동,서울특별시 양천구  지양로16길 15,서울특별시 양천구 신월7동 916-6,2023-04-20
신월7동,서울특별시 양천구  지양로16길 26-1,서울특별시 양천구 신월7동 925-10,2023-04-20
신월7동,서울특별시 양천구  지양로16길 29-1,서울특별시 양천구 신월7동 926-5,2023-04-20
신월7동,서울특별시 양천구  지양로16길 34,서울특별시 양천구 신월7동 925-28,2023-04-20
신월7동,서울특별시 양천구  지양로10길 22,서울특별시 양천구 신월7동 927-12,2023-04-20
신월7동,서울특별시 양천구  지양로10길 16-1,서울특별시 양천구 신월7동 927-8,2023-04-20
신월7동,서울특별시 양천구  지양로10길 15,서울특별시 양천구 신월7동 924-14,2023-04-20
신월7동,서울특별시 양천구  지양로7길 5-12,서울특별시 양천구 신월7동 952-7,2023-04-20
신월7동,서울특별시 양천구  지양로7길 13-4,서울특별시 양천구 신월7동 954-3,2023-04-20
신월7동,서울특별시 양천구  지양로9길 19,서울특별시 양천구 신월7동 941-8,2023-04-20
신월7동,서울특별시 양천구  지양로7길 17-4,서울특별시 양천구 신월7동 955-4,2023-04-20
신월7동,서울특별시 양천구  지양로7길 19,서울특별시 양천구 신월7동 955-8,2023-04-20
신월7동,서울특별시 양천구  양천중학교 정문 앞,서울특별시 양천구 신월7동 ,2023-04-20
신월7동,서울특별시 양천구  지양로7길 31,서울특별시 양천구 신월7동 957-9,2023-04-20
신월7동,서울특별시 양천구  지양로7길 35,서울특별시 양천구 신월7동 957-7,2023-04-20
신월7동,서울특별시 양천구  지양로7길 37-1,서울특별시 양천구 신월7동 957-20,2023-04-20
신월7동,서울특별시 양천구  지양로7길 43,서울특별시 양천구 신월7동 957-13,2023-04-20
신월7동,서울특별시 양천구  지양로7길 27-20,서울특별시 양천구 신월7동 957-2,2023-04-20
신월7동,서울특별시 양천구  지양로7길 27-8,서울특별시 양천구 신월7동 957-17,2023-04-20
신월7동,서울특별시 양천구  지양로7길 28-2,서울특별시 양천구 신월7동 947-1,2023-04-20
신월7동,서울특별시 양천구  지양로7길 28-8,서울특별시 양천구 신월7동 947-18,2023-04-20
신월7동,서울특별시 양천구  지양로7길 28-14,서울특별시 양천구 신월7동 947-19,2023-04-20
신월7동,서울특별시 양천구  지양로7길 24-17,서울특별시 양천구 신월7동 947-15,2023-04-20
신월7동,서울특별시 양천구  지양로11길 22-2,서울특별시 양천구 신월7동 944-1,2023-04-20
신월7동,서울특별시 양천구  지양로11길 16-15,서울특별시 양천구 신월7동 944-2,2023-04-20
신월7동,서울특별시 양천구  지양로11길 16-9,서울특별시 양천구 신월7동 944-3,2023-04-20
신월7동,서울특별시 양천구  지양로11길 12,서울특별시 양천구 신월7동 935-9,2023-04-20
신월7동,서울특별시 양천구  지양로11길 4,서울특별시 양천구 신월7동 933-8,2023-04-20
신월7동,서울특별시 양천구  양지근린공원 앞,서울특별시 양천구 신월7동 ,2023-04-20
신월7동,서울특별시 양천구  지양로13길 14,서울특별시 양천구 신월7동 912-3,2023-04-20
신월7동,서울특별시 양천구  지양로13길 20,서울특별시 양천구 신월7동 911-3,2023-04-20
신월7동,서울특별시 양천구  지양로13길 21,서울특별시 양천구 신월7동 352-17,2023-04-20
신월7동,서울특별시 양천구  지양로15길 22,서울특별시 양천구 신월7동 350,2023-04-20
신월7동,서울특별시 양천구  지양로15길 13,서울특별시 양천구 신월7동 911-10,2023-04-20
신월7동,서울특별시 양천구  지양로15길 15-1,서울특별시 양천구 신월7동 ,2023-04-20
신월7동,서울특별시 양천구  지양로15길 7,서울특별시 양천구 신월7동 912-7,2023-04-20
신월7동,서울특별시 양천구  지양로15길 1,서울특별시 양천구 신월7동 912-13,2023-04-20
신월7동,서울특별시 양천구  지양로2길 37,서울특별시 양천구 신월7동 991-8,2023-04-20
신월7동,서울특별시 양천구  지양로2길 38,서울특별시 양천구 신월7동 997-2,2023-04-20
신월7동,서울특별시 양천구  지양로2길 36-3,서울특별시 양천구 신월7동 996-17,2023-04-20
신월7동,서울특별시 양천구  지양로2길 ,서울특별시 양천구 신월7동 ,2023-04-20
신월7동,서울특별시 양천구  남부순환로74길 9,서울특별시 양천구 신월7동 995-3,2023-04-20
신월7동,서울특별시 양천구  지양로2길 11,서울특별시 양천구 신월7동 993-14,2023-04-20
신월7동,서울특별시 양천구  신월로5길 28,서울특별시 양천구 신월7동 981-8,2023-04-20
신월7동,서울특별시 양천구  신월로5길 20,서울특별시 양천구 신월7동 981-11,2023-04-20
신월7동,서울특별시 양천구  신월로7길 2,서울특별시 양천구 신월7동 981-5,2023-04-20
신월7동,서울특별시 양천구  신월로5길 4,서울특별시 양천구 신월7동 982-7,2023-04-20
신월7동,서울특별시 양천구  신월로5길 10,서울특별시 양천구 신월7동 982-15,2023-04-20
신월7동,서울특별시 양천구  신월로5길 14-1,서울특별시 양천구 신월7동 982-10,2023-04-20
신월7동,서울특별시 양천구  신월로7길 12-1,서울특별시 양천구 신월7동 984-3,2023-04-20
신월7동,서울특별시 양천구  신월로7길 16,서울특별시 양천구 신월7동 984-2,2023-04-20
신월7동,서울특별시 양천구  지양로3길 3,서울특별시 양천구 신월7동 986-16,2023-04-20
신정1동,서울특별시 양천구 중앙로218,서울특별시 양천구 신정1동 1052-11,2023-04-20
신정1동,서울특별시 양천구 중앙로222-10,서울특별시 양천구 신정2동 1052-40,2023-04-20
신정1동,서울특별시 양천구 중앙로32길 1,서울특별시 양천구 신정1동 1051-11,2023-04-20
신정1동,서울특별시 양천구 중앙로34가길1,서울특별시 양천구 신정1동 1050-32,2023-04-20
신정1동,서울특별시 양천구 중앙로36길10,서울특별시 양천구 신정1동 1050-6,2023-04-20
신정1동,서울특별시 양천구 중앙로36길8-1,서울특별시 양천구 신정1동 1050-4,2023-04-20
신정1동,서울특별시 양천구 중앙로36길16-1,서울특별시 양천구 신정1동 1049-1,2023-04-20
신정1동,서울특별시 양천구 중앙로36길28-1,서울특별시 양천구 신정1동 1049-28,2023-04-20
신정1동,서울특별시 양천구 중앙로36길20,서울특별시 양천구 신정1동 1049-2,2023-04-20
신정1동,서울특별시 양천구 은행정로5길42,서울특별시 양천구 신정1동 1029-19,2023-04-20
신정1동,서울특별시 양천구 은행정로5길38,서울특별시 양천구 신정1동 1028-22,2023-04-20
신정1동,서울특별시 양천구 은행정로5길24,서울특별시 양천구 신정1동 1027-29,2023-04-20
신정1동,서울특별시 양천구 은행정로9,서울특별시 양천구 신정1동 1024-22,2023-04-20
신정1동,서울특별시 양천구 은행정로6길7,서울특별시 양천구 신정1동 1018-10,2023-04-20
신정1동,서울특별시 양천구 신월로38길7,서울특별시 양천구 신정1동 1016-23,2023-04-20
신정1동,서울특별시 양천구 신월로38길9,서울특별시 양천구 신정1동 1016-22,2023-04-20
신정1동,서울특별시 양천구 중앙로32길67,서울특별시 양천구 신정1동 1021-7,2023-04-20
신정1동,서울특별시 양천구 신월로372-1,서울특별시 양천구 신정1동 1014-4,2023-04-20
신정3동,서울특별시 양천구 신월로 228,서울특별시 양천구 신정3동 1194-1,2023-04-20
신정3동,서울특별시 양천구 중앙로45길 22-15,서울특별시 양천구 신정3동 1192-5,2023-04-20
신정3동,서울특별시 양천구 중앙로45길 27-16,서울특별시 양천구 신정3동 1198-19,2023-04-20
신정3동,서울특별시 양천구 중앙로45길 31-15,서울특별시 양천구 신정3동 1198-5,2023-04-20
신정3동,서울특별시 양천구 중앙로29길 108,서울특별시 양천구 신정3동 1198-3,2023-04-20
신정3동,서울특별시 양천구 중앙로29길120-24,서울특별시 양천구 신정3동 1196-10,2023-04-20
신정3동,서울특별시 양천구 중앙로29길120-13,서울특별시 양천구 신정3동 1194-5,2023-04-20
신정3동,서울특별시 양천구 중앙로29길98,서울특별시 양천구 신정3동 1198-33,2023-04-20
신정3동,서울특별시 양천구 중앙로29길88,서울특별시 양천구 신정3동 1216-1,2023-04-20
신정3동,서울특별시 양천구 중앙로39길,서울특별시 양천구 신정3동 ,2023-04-20
신정3동,서울특별시 양천구 중앙로29길82,서울특별시 양천구 신정3동 1216-6,2023-04-20
신정3동,서울특별시 양천구 중앙로47길54,서울특별시 양천구 신정3동 1219-8,2023-04-20
신정3동,서울특별시 양천구 중앙로29길 52,서울특별시 양천구 신정3동 1160-36,2023-04-20
신정3동,서울특별시 양천구중앙로47길 46,서울특별시 양천구 신정3동 1220-7,2023-04-20
신정3동,서울특별시 양천구 중앙로29가길9,서울특별시 양천구 신정3동 1160-9,2023-04-20
신정3동,서울특별시 양천구 중앙로25길48,서울특별시 양천구 신정3동 1157-7,2023-04-20
신정3동,서울특별시 양천구 중앙로25길40,서울특별시 양천구 신정3동 1156-3,2023-04-20
신정3동,서울특별시 양천구 중앙로25길28,서울특별시 양천구 신정3동 1155-18,2023-04-20
신정3동,서울특별시 양천구 중앙로25길24,서울특별시 양천구 신정3동 1153-33,2023-04-20
신정3동,서울특별시 양천구 중앙로25길38-6,서울특별시 양천구 신정3동 1158-7,2023-04-20
신정3동,서울특별시 양천구 중앙로29길43-2,서울특별시 양천구 신정3동 1157-27,2023-04-20
신정3동,서울특별시 양천구 중앙로29길40-3,서울특별시 양천구 신정3동 1159-28,2023-04-20
신정3동,서울특별시 양천구 중앙로29길29-1,서울특별시 양천구 신정3동 1155-47,2023-04-20
신정3동,서울특별시 양천구 중앙로29길23,서울특별시 양천구 신정3동 1154-4,2023-04-20
신정3동,서울특별시 양천구 남부순환로645,서울특별시 양천구 신정3동 733-53,2023-04-20
신정3동,서울특별시 양천구 목동로11길20,서울특별시 양천구 신정4동 1003-9,2023-04-20
신정4동,서울특별시 양천구,서울특별시 양천구 신정4동 1059-29,2023-04-20
신정4동,서울특별시 양천구 중앙로46길 58,서울특별시 양천구 신정4동 980-6 ,2023-04-20
신정4동,서울특별시 양천구 중앙로46길 63,서울특별시 양천구 신정4동 956-10,2023-04-20
신정4동,서울특별시 양천구 목동로11길20,서울특별시 양천구 신정4동 1003-9,2023-04-20
신정4동,서울특별시 양천구 목동로46길27,서울특별시 양천구 신정4동 ,2023-04-20
신정4동,서울특별시 양천구 오목로24길2,서울특별시 양천구 신정4동 943-3,2023-04-20
신정4동,서울특별시 양천구 중앙로48길6,서울특별시 양천구 신정4동 970-1,2023-04-20
신정4동,서울특별시 양천구 중앙로48길13,서울특별시 양천구 신정4동 945-27,2023-04-20
신정4동,서울특별시 양천구 오목로30길1,서울특별시 양천구 신정4동 946-46,2023-04-20
신정4동,서울특별시 양천구 오목로29길5,서울특별시 양천구 신정4동 928-27,2023-04-20
신정4동,서울특별시 양천구 중앙로52길16-11,서울특별시 양천구 신정4동 940-49,2023-04-20
신정4동,서울특별시 양천구 오목로139,서울특별시 양천구 신정4동 928-8,2023-04-20
신정4동,서울특별시 양천구 중앙로52길8-15,서울특별시 양천구 신정4동 940-28,2023-04-20
신정4동,서울특별시 양천구 중앙로322,서울특별시 양천구 신정4동 942-16,2023-04-20
신정4동,서울특별시 양천구 중앙로334,서울특별시 양천구 신정4동 939-4,2023-04-20
신정4동,서울특별시 양천구 중앙로328,서울특별시 양천구 신정4동 939-7,2023-04-20
신정4동,서울특별시 양천구 중앙로350,서울특별시 양천구 신정4동 938-9,2023-04-20
신정4동,서울특별시 양천구 신정중앙로13,서울특별시 양천구 신정4동 872-8,2023-04-20
신정4동,서울특별시 양천구 신정중앙로24,서울특별시 양천구 신정4동 926-4,2023-04-20
신정4동,서울특별시 양천구 신정중앙로28,서울특별시 양천구 신정4동 919-2,2023-04-20
신정4동,서울특별시 양천구 중앙로15길5-11,서울특별시 양천구 신정4동 874-1,2023-04-20
신정4동,서울특별시 양천구 중앙로15길2,서울특별시 양천구 신정4동 875-13,2023-04-20
신정4동,서울특별시 양천구 은행정로19길22,서울특별시 양천구 신정4동 875-16,2023-04-20
신정4동,서울특별시 양천구 신정중앙로6-3,서울특별시 양천구 신정4동 875-9,2023-04-20
신정4동,서울특별시 양천구 은행정로19가길14-1,서울특별시 양천구 신정4동 875-19,2023-04-20
신정4동,서울특별시 양천구 은행정로97,서울특별시 양천구 신정4동 880-6,2023-04-20
신정4동,서울특별시 양천구 은행정로92,서울특별시 양천구 신정4동 884-1,2023-04-20
신정4동,서울특별시 양천구 신정중앙로21길37,서울특별시 양천구 신정4동 885-1,2023-04-20
신정4동,서울특별시 양천구 국회대로224,서울특별시 양천구 신정4동 881-6,2023-04-20
신정4동,서울특별시 양천구 은행정로20길5-17,서울특별시 양천구 신정4동 881-18,2023-04-20
신정4동,서울특별시 양천구 목동로25길33-1,서울특별시 양천구 신정4동 891-12,2023-04-20
신정4동,서울특별시 양천구 중앙로17길15,서울특별시 양천구 신정4동 882-11,2023-04-20
신정4동,서울특별시 양천구 목동로25길34,서울특별시 양천구 신정4동 894-1,2023-04-20
신정4동,서울특별시 양천구 목동로29길15,서울특별시 양천구 신정4동 894-13,2023-04-20
신정4동,서울특별시 양천구 국회대로8길8,서울특별시 양천구 신정4동 894-20,2023-04-20
신정4동,서울특별시 양천구 국회대로246,서울특별시 양천구 신정4동 897-1,2023-04-20
신정4동,서울특별시 양천구 목동로29길1,서울특별시 양천구 신정4동 896-7,2023-04-20
신정4동,서울특별시 양천구 국회대로10길2,서울특별시 양천구 신정4동 897-7,2023-04-20
신정4동,서울특별시 양천구 목동로23길12,서울특별시 양천구 신정4동 890-29,2023-04-20
신정4동,서울특별시 양천구 목동로23길14-1,서울특별시 양천구 신정4동 890-4,2023-04-20
신정4동,서울특별시 양천구 목동로23길34,서울특별시 양천구 신정4동 883,2023-04-20
신정4동,서울특별시 양천구 신정중앙로17길10,서울특별시 양천구 신정4동 891-3,2023-04-20
신정4동,서울특별시 양천구 신정중앙로55,서울특별시 양천구 신정4동 878-16,2023-04-20
신정4동,서울특별시 양천구 신정중앙로21길12,서울특별시 양천구 신정4동 888-7,2023-04-20
신정4동,서울특별시 양천구 신정중앙로53,서울특별시 양천구 신정4동 878-23,2023-04-20
신정4동,서울특별시 양천구 신정중앙로41,서울특별시 양천구 신정4동 877-12,2023-04-20
신정4동,서울특별시 양천구 신정중앙로46,서울특별시 양천구 신정4동 912-4,2023-04-20
신정4동,서울특별시 양천구 은행정로18길16-1,서울특별시 양천구 신정4동 903-9,2023-04-20
신정4동,서울특별시 양천구 오목로203-2,서울특별시 양천구 신정4동 907-9,2023-04-20
신정4동,서울특별시 양천구 목동로21길1,서울특별시 양천구 신정4동 993-3,2023-04-20
신정4동,서울특별시 양천구 목동로177,서울특별시 양천구 신정4동 995-6,2023-04-20
신정4동,서울특별시 양천구 목동로9길7,서울특별시 양천구 신정4동 1009-3,2023-04-20
신정4동,서울특별시 양천구 목동로9길22,서울특별시 양천구 신정4동 1011-5,2023-04-20
신정4동,서울특별시 양천구 목동로9길38,서울특별시 양천구 신정4동 983-9,2023-04-20
신정4동,서울특별시 양천구 은행정로7길16,서울특별시 양천구 신정4동 979-13,2023-04-20
신정4동,서울특별시 양천구 은행정로7길21,서울특별시 양천구 신정4동 978-4,2023-04-20
신정4동,서울특별시 양천구 은행정로7길36,서울특별시 양천구 신정4동 975-24,2023-04-20
신정4동,서울특별시 양천구 은행정로7길39,서울특별시 양천구 신정4동 976-5,2023-04-20
신정4동,서울특별시 양천구 오목로30길34,서울특별시 양천구 신정4동 974-21,2023-04-20
신정4동,서울특별시 양천구 은행정로7길39-1,서울특별시 양천구 신정4동 976-3,2023-04-20
신정4동,서울특별시 양천구 은행정로7길49,서울특별시 양천구 신정4동 973-22,2023-04-20
신정4동,서울특별시 양천구 중앙로46길12-5,서울특별시 양천구 신정4동 974-3,2023-04-20
신정4동,서울특별시 양천구 중앙로46길23,서울특별시 양천구 신정4동 965-14,2023-04-20
신정4동,서울특별시 양천구 중앙로46길45,서울특별시 양천구 신정4동 959-21,2023-04-20
신정4동,서울특별시 양천구 중앙로46길55,서울특별시 양천구 신정4동 958-20,2023-04-20
신정4동,서울특별시 양천구 중앙로46길56,서울특별시 양천구 신정4동 980-2,2023-04-20
신정4동,서울특별시 양천구 중앙로46길63,서울특별시 양천구 신정4동 956-10,2023-04-20
신정4동,서울특별시 양천구 목동로17길40,서울특별시 양천구 신정4동 985-14,2023-04-20
신정4동,서울특별시 양천구 오목로42길12,서울특별시 양천구 신정4동 985-17,2023-04-20
신정4동,서울특별시 양천구 목동로17길28,서울특별시 양천구 신정4동 1000-5,2023-04-20
신정4동,서울특별시 양천구 목동로17길3,서울특별시 양천구 신정4동 997-5,2023-04-20
신정4동,서울특별시 양천구 목동로17길1,서울특별시 양천구 신정4동 997-12,2023-04-20
신정4동,서울특별시 양천구 목동로19길8,서울특별시 양천구 신정4동 993-7,2023-04-20
신정4동,서울특별시 양천구 목동로21길21,서울특별시 양천구 신정4동 989-9,2023-04-20
신정4동,서울특별시 양천구 목동로21길16,서울특별시 양천구 신정4동 991-13,2023-04-20
신정4동,서울특별시 양천구 목동로21길16-1,서울특별시 양천구 신정4동 991-14,2023-04-20
신정4동,서울특별시 양천구 목동로21길14,서울특별시 양천구 신정4동 991-11,2023-04-20
신정4동,서울특별시 양천구 목동로19길43,서울특별시 양천구 신정4동 985-3,2023-04-20
신정4동,서울특별시 양천구 중앙로48길67,서울특별시 양천구 신정4동 954-24,2023-04-20
신정4동,서울특별시 양천구 중앙로48길46,서울특별시 양천구 신정4동 962-8,2023-04-20
신정4동,서울특별시 양천구 오목로38길6,서울특별시 양천구 신정4동 950-5,2023-04-20
신정4동,서울특별시 양천구 은행정로13길14,서울특별시 양천구 신정4동 952-8,2023-04-20
신정4동,서울특별시 양천구 은행정로13길6,서울특별시 양천구 신정4동 953-16,2023-04-20
신정4동,서울특별시 양천구 은행정로11길13-1,서울특별시 양천구 신정4동 958-1,2023-04-20
신정4동,서울특별시 양천구 오목로40길20,서울특별시 양천구 신정4동 959-10,2023-04-20
신정4동,서울특별시 양천구 은행정로11나길2-1,서울특별시 양천구 신정4동 958-8,2023-04-20
신정4동,서울특별시 양천구 은행정로11가길6,서울특별시 양천구 신정4동 957-7,2023-04-20
신정4동,서울특별시 양천구 은행정로11나길7,서울특별시 양천구 신정4동 957-22,2023-04-20
신정4동,서울특별시 양천구 목동로11길39,서울특별시 양천구 신정4동 983-5,2023-04-20
신정4동,서울특별시 양천구 목동로11길24,서울특별시 양천구 신정4동 1003-12,2023-04-20
신정4동,서울특별시 양천구 오목로48길29,서울특별시 양천구 신정4동 1011-1,2023-04-20
신정4동,서울특별시 양천구 목동로13길6-1,서울특별시 양천구 신정4동 1005-13,2023-04-20
신정4동,서울특별시 양천구 오목로48길22,서울특별시 양천구 신정4동 1002-7,2023-04-20
신정4동,서울특별시 양천구 목동로13길9,서울특별시 양천구 신정4동 1003-6,2023-04-20
신정4동,서울특별시 양천구 목동로13길15,서울특별시 양천구 신정4동 1003-2,2023-04-20
신정4동,서울특별시 양천구 오목로46길23,서울특별시 양천구 신정4동 1002-18,2023-04-20
신정4동,서울특별시 양천구 오목로34길15-11,서울특별시 양천구 신정4동 962-11,2023-04-20
신정4동,서울특별시 양천구 오목로34길16,서울특별시 양천구 신정4동 963-8,2023-04-20
신정4동,서울특별시 양천구 오목로38길20,서울특별시 양천구 신정4동 963-30,2023-04-20
신정4동,서울특별시 양천구 오목로32길23-9,서울특별시 양천구 신정4동 963-25,2023-04-20
신정4동,서울특별시 양천구 오목로32길23-2,서울특별시 양천구 신정4동 964-3,2023-04-20
신정4동,서울특별시 양천구 오목로32길22,서울특별시 양천구 신정4동 965-19,2023-04-20
신정4동,서울특별시 양천구 오목로32길17-3,서울특별시 양천구 신정4동 963-14,2023-04-20
신정4동,서울특별시 양천구 오목로34길6-2,서울특별시 양천구 신정4동 948-20,2023-04-20
신정4동,서울특별시 양천구 중앙로48길33,서울특별시 양천구 신정4동 948-13,2023-04-20
신정4동,서울특별시 양천구 오목로32길10,서울특별시 양천구 신정4동 946-17,2023-04-20
신정4동,서울특별시 양천구 중앙로48길16-1,서울특별시 양천구 신정4동 967-10,2023-04-20
신정4동,서울특별시 양천구 은행정로17길6,서울특별시 양천구 신정4동 911-11,2023-04-20
신정4동,서울특별시 양천구 은행정로17길22-1,서울특별시 양천구 신정4동 912-14,2023-04-20
신정4동,서울특별시 양천구 신정중앙로12길2,서울특별시 양천구 신정4동 926-5,2023-04-20
신정4동,서울특별시 양천구 신정중앙로12길4,서울특별시 양천구 신정4동 926-6,2023-04-20
신정4동,서울특별시 양천구 오목로29길26,서울특별시 양천구 신정4동 925-48,2023-04-20
신정4동,서울특별시 양천구 오목로29길20,서울특별시 양천구 신정4동 925-33,2023-04-20
신정4동,서울특별시 양천구 오목로29길21-6,서울특별시 양천구 신정4동 927-16,2023-04-20
신정4동,서울특별시 양천구 중앙로20길13,서울특별시 양천구 신정4동 ,2023-04-20
신정4동,서울특별시 양천구 은행정로17길55,서울특별시 양천구 신정4동 931-1,2023-04-20
신정4동,서울특별시 양천구 은행정로17길56,서울특별시 양천구 신정4동 934-9,2023-04-20
신정4동,서울특별시 양천구 은행정로17길62,서울특별시 양천구 신정4동 934-12,2023-04-20
신정4동,서울특별시 양천구 중앙로2길5,서울특별시 양천구 신정4동 933-1,2023-04-20
신정4동,서울특별시 양천구 오목로23길38,서울특별시 양천구 신정4동 936-1,2023-04-20
신정4동,서울특별시 양천구 오목로23길30,서울특별시 양천구 신정4동 937-1,2023-04-20
신정4동,서울특별시 양천구 오목로23길25-1,서울특별시 양천구 신정4동 939-18,2023-04-20
신정4동,서울특별시 양천구 중앙로54길19-1,서울특별시 양천구 신정4동 932-8,2023-04-20
신정4동,서울특별시 양천구 중앙로54길22,서울특별시 양천구 신정4동 930-17,2023-04-20
신정4동,서울특별시 양천구 중앙로52길29,서울특별시 양천구 신정4동 925-23,2023-04-20
신정4동,서울특별시 양천구 중앙로52길28,서울특별시 양천구 신정4동 928-31,2023-04-20
신정4동,서울특별시 양천구 중앙로52길41,서울특별시 양천구 신정4동 920-20,2023-04-20
신정4동,서울특별시 양천구 오목로159-17,서울특별시 양천구 신정4동 923-37,2023-04-20
신정4동,서울특별시 양천구 오목로37길9,서울특별시 양천구 신정4동 917-3,2023-04-20
신정4동,서울특별시 양천구 중앙로52길55,서울특별시 양천구 신정4동 914-13,2023-04-20
신정4동,서울특별시 양천구 중앙로52길62,서울특별시 양천구 신정4동 915-4,2023-04-20
신정4동,서울특별시 양천구 은행정로15길15,서울특별시 양천구 신정4동 916-9,2023-04-20
신정4동,서울특별시 양천구 중앙로52길72-1,서울특별시 양천구 신정4동 909-9,2023-04-20
신정4동,서울특별시 양천구 중앙로52길73,서울특별시 양천구 신정4동 910-9,2023-04-20
신정7동,서울특별시 양천구 신목로77,서울특별시 양천구 신정7동 87-39,2023-04-20
신정7동,서울특별시 양천구 신목로5길6-10,서울특별시 양천구 신정7동 144-68,2023-04-20
신정7동,서울특별시 양천구 목동동로10길16-5,서울특별시 양천구 신정7동 134-25,2023-04-20
신정7동,서울특별시 양천구 신목로5길15,서울특별시 양천구 신정7동 281-25,2023-04-20
신정7동,서울특별시 양천구 목동동로8길31-8,서울특별시 양천구 신정7동 282-53,2023-04-20
신정7동,서울특별시 양천구 목동동로10길12-8,서울특별시 양천구 신정7동 294-34,2023-04-20
신정7동,서울특별시 양천구 신목로6길6-13,서울특별시 양천구 신정7동 128-98,2023-04-20
신정7동,서울특별시 양천구 신목로6길6-6,서울특별시 양천구 신정7동 128-95,2023-04-20
신정7동,서울특별시 양천구 신목로58-13,서울특별시 양천구 신정7동 89-134,2023-04-20
신정7동,서울특별시 양천구 신목로58-17,서울특별시 양천구 신정7동 89-127,2023-04-20
신정7동,서울특별시 양천구 신목로12길12,서울특별시 양천구 신정7동 89-114,2023-04-20
신정7동,서울특별시 양천구 신목로12길2,서울특별시 양천구 신정7동 89-152,2023-04-20
신정7동,서울특별시 양천구 신목로12길11,서울특별시 양천구 신정7동 120-75,2023-04-20
신정7동,서울특별시 양천구 신목로4길11,서울특별시 양천구 신정7동 128-168,2023-04-20
신정7동,서울특별시 양천구 신목로2길7-10,서울특별시 양천구 신정7동 ,2023-04-20
신정7동,서울특별시 양천구 신목로2길7,서울특별시 양천구 신정7동 130-1,2023-04-20
신정7동,서울특별시 양천구 신목로2길17,서울특별시 양천구 신정7동 127-71,2023-04-20
신정7동,서울특별시 양천구 신목로2길21,서울특별시 양천구 신정7동 127-60,2023-04-20
신정7동,서울특별시 양천구 목동남로68,서울특별시 양천구 신정7동 210-4,2023-04-20
신정7동,서울특별시 양천구 중앙로14길15,서울특별시 양천구 신정7동 ,2023-04-20
신정7동,서울특별시 양천구 중앙로14길31,서울특별시 양천구 신정7동 ,2023-04-20
신정7동,서울특별시 양천구 목동남로2길15,서울특별시 양천구 신정7동 202-7,2023-04-20
신정7동,서울특별시 양천구 목동남로2길21,서울특별시 양천구 신정7동 202-13,2023-04-20
신정7동,서울특별시 양천구 목동남로2길47,서울특별시 양천구 신정7동 192-2,2023-04-20
신정7동,서울특별시 양천구 목동남로2길50-3,서울특별시 양천구 신정7동 190-18,2023-04-20
신정7동,서울특별시 양천구 목동남로2길58,서울특별시 양천구 신정7동 191-3,2023-04-20
신정7동,서울특별시 양천구 중앙로14나길30,서울특별시 양천구 신정7동 ,2023-04-20
신정7동,양천구 목동남로2길 57,양천구 신정7동 181-1,2023-04-20
